subcommand	flag	action	nargs	dest	required	default	choices	help
<top>	-h	help	0	help	false	==SUPPRESS==		show this help message and exit
<top>	--help	help	0	help	false	==SUPPRESS==		show this help message and exit
<top>	--version	version	0	version	false	==SUPPRESS==		show program's version number and exit
callpeak	-h	help	0	help	false	==SUPPRESS==		show this help message and exit
callpeak	--help	help	0	help	false	==SUPPRESS==		show this help message and exit
callpeak	-t	store	+	tfile	true			ChIP-seq treatment file. If multiple files are given as '-t A B C', then they will all be read and pooled together. REQUIRED.
callpeak	--treatment	store	+	tfile	true			ChIP-seq treatment file. If multiple files are given as '-t A B C', then they will all be read and pooled together. REQUIRED.
callpeak	-c	store	*	cfile	false			Control file. If multiple files are given as '-c A B C', they will be pooled to estimate ChIP-seq background noise.
callpeak	--control	store	*	cfile	false			Control file. If multiple files are given as '-c A B C', they will be pooled to estimate ChIP-seq background noise.
callpeak	-f	store		format	false	AUTO	AUTO,BAM,SAM,BED,ELAND,ELANDMULTI,ELANDEXPORT,BOWTIE,BAMPE,BEDPE,FRAG	Format of tag file, "AUTO", "BED" or "ELAND" or "ELANDMULTI" or "ELANDEXPORT" or "SAM" or "BAM" or "BOWTIE" or "BAMPE" or "BEDPE" or "FRAG". The default AUTO option will let MACS decide which format (except for BAMPE, BEDPE, and FRAG which should be explicitly set) the file is. Please check the definition in README. Please note that if the format is set as BAMPE, BEDPE, or FRAG, MACS3 will call its special Paired-end mode to call peaks by piling up the actual ChIPed fragments defined by both aligned ends, instead of predicting the fragment size first and extending reads. Also please note that the BEDPE only contains three columns, and is NOT the same BEDPE format used by BEDTOOLS. The FRAG format is for single-cell ATAC-seq fragment file which is a five columns BEDPE file with extra barcode and fragment count column. Please note that if FRAG is used, MACS3 won't remove any duplicates, i.e. `--keep-dup` will be always set as `all`. DEFAULT: "AUTO"
callpeak	--format	store		format	false	AUTO	AUTO,BAM,SAM,BED,ELAND,ELANDMULTI,ELANDEXPORT,BOWTIE,BAMPE,BEDPE,FRAG	Format of tag file, "AUTO", "BED" or "ELAND" or "ELANDMULTI" or "ELANDEXPORT" or "SAM" or "BAM" or "BOWTIE" or "BAMPE" or "BEDPE" or "FRAG". The default AUTO option will let MACS decide which format (except for BAMPE, BEDPE, and FRAG which should be explicitly set) the file is. Please check the definition in README. Please note that if the format is set as BAMPE, BEDPE, or FRAG, MACS3 will call its special Paired-end mode to call peaks by piling up the actual ChIPed fragments defined by both aligned ends, instead of predicting the fragment size first and extending reads. Also please note that the BEDPE only contains three columns, and is NOT the same BEDPE format used by BEDTOOLS. The FRAG format is for single-cell ATAC-seq fragment file which is a five columns BEDPE file with extra barcode and fragment count column. Please note that if FRAG is used, MACS3 won't remove any duplicates, i.e. `--keep-dup` will be always set as `all`. DEFAULT: "AUTO"
callpeak	-g	store		gsize	false	hs		Effective genome size. It can be 1.0e+9 or 1000000000, or shortcuts:'hs' for human (2,913,022,398), 'mm' for mouse (2,652,783,500), 'ce' for C. elegans (100,286,401) and 'dm' for fruitfly (142,573,017), Default:hs. The effective genome size numbers for the above four species are collected from Deeptools https://deeptools.readthedocs.io/en/develop/content/feature/effectiveGenomeSize.html Please refer to deeptools to define the best genome size you plan to use.
callpeak	--gsize	store		gsize	false	hs		Effective genome size. It can be 1.0e+9 or 1000000000, or shortcuts:'hs' for human (2,913,022,398), 'mm' for mouse (2,652,783,500), 'ce' for C. elegans (100,286,401) and 'dm' for fruitfly (142,573,017), Default:hs. The effective genome size numbers for the above four species are collected from Deeptools https://deeptools.readthedocs.io/en/develop/content/feature/effectiveGenomeSize.html Please refer to deeptools to define the best genome size you plan to use.
callpeak	-s	store		tsize	false			Tag size/read length. This will override the auto detected tag size. DEFAULT: Not set
callpeak	--tsize	store		tsize	false			Tag size/read length. This will override the auto detected tag size. DEFAULT: Not set
callpeak	--keep-dup	store		keepduplicates	false	1		It controls the behavior towards duplicate tags at the exact same location -- the same coordination and the same strand. The 'auto' option makes MACS calculate the maximum tags at the exact same location based on binomal distribution using 1e-5 as pvalue cutoff; and the 'all' option keeps every tags. If an integer is given, at most this number of tags will be kept at the same location. Note, if you've used samtools or picard to flag reads as 'PCR/Optical duplicate' in bit 1024, MACS3 will still read them although the reads may be decided by MACS3 as duplicate later. If you plan to rely on samtools/picard/any other tool to filter duplicates, please remove those duplicate reads and save a new alignment file then ask MACS3 to keep all by '--keep-dup all'. Also, please note that if the format is FRAG, this option will be ignored and MACS3 will behave always like '--keep-dup all'. The default is to keep one tag at the same location. Default: 1
callpeak	--barcodes	store		barcodefile	false			A plain text file containing the barcodes for the fragment file while the format is 'FRAG'. Won't have any effect if the format is not 'FRAG'. Each row in the file should only have the barcode string. MACS3 will extract only the fragments for the specified barcodes.
callpeak	--max-count	store		maxcount	false			In the FRAG format file, the fifth column indicates the count of fragments found at the exact same location from the same barcode. By default, MACS3 treats each fragment count as indicated. However, if this option is enabled and set as a positive integer, MACS3 will not count more than the specified number. If this is set as 0, MACS3 will behave as the default setting to keep all counts. Please note that `callpeak -f FRAG --max-count 1` is supposed to generate the same result as `callpeak -f BEDPE --keep-dup all` on fragment files. This option will be ignored if the format is not FRAG.
callpeak	--outdir	store		outdir	false			If specified all output files will be written to that directory. Default: the current working directory
callpeak	-n	store		name	false	NA		Experiment name, which will be used to generate output file names. DEFAULT: "NA"
callpeak	--name	store		name	false	NA		Experiment name, which will be used to generate output file names. DEFAULT: "NA"
callpeak	-B	store_true	0	store_bdg	false	false		Whether or not to save extended fragment pileup, and local lambda tracks (two files) at every bp into a bedGraph file. DEFAULT: False
callpeak	--bdg	store_true	0	store_bdg	false	false		Whether or not to save extended fragment pileup, and local lambda tracks (two files) at every bp into a bedGraph file. DEFAULT: False
callpeak	--verbose	store		verbose	false	2		Set verbose level of runtime message. 0: only show critical message, 1: show additional warning message, 2: show process information, 3: show debug messages. DEFAULT:2
callpeak	--trackline	store_true	0	trackline	false	false		Instruct MACS to include trackline in the header of output files, including the bedGraph, narrowPeak, gappedPeak, BED format files. To include this trackline is necessary while uploading them to the UCSC genome browser. You can also mannually add these trackline to corresponding output files. For example, in order to upload narrowPeak file to UCSC browser, add this to as the first line -- `track type=narrowPeak name="my_peaks" description="my peaks"`. Default: Not to include trackline.
callpeak	--SPMR	store_true	0	do_SPMR	false	false		If True, MACS will SAVE signal per million reads for fragment pileup profiles. It won't interfere with computing pvalue/qvalue during peak calling, since internally MACS3 keeps using the raw pileup and scaling factors between larger and smaller dataset to calculate statistics measurements. If you plan to use the signal output in bedGraph to call peaks using bdgcmp and bdgpeakcall, you shouldn't use this option because you will end up with different results. However, this option is recommended for displaying normalized pileup tracks across many datasets. Require -B to be set. Default: False
callpeak	--nomodel	store_true	0	nomodel	false	false		Whether or not to build the shifting model. If True, MACS will not build model. by default it means shifting size = 100, try to set extsize to change it. It's highly recommended that while you have many datasets to process and you plan to compare different conditions, aka differential calling, use both 'nomodel' and 'extsize' to make signal files from different datasets comparable. DEFAULT: False
callpeak	--shift	store		shift	false	0		(NOT the legacy --shiftsize option!) The arbitrary shift in bp. Use discretion while setting it other than default value. When NOMODEL is set, MACS will use this value to move cutting ends (5') towards 5'->3' direction then apply EXTSIZE to extend them to fragments. When this value is negative, ends will be moved toward 3'->5' direction. Recommended to keep it as default 0 for ChIP-Seq datasets, or -1 * half of EXTSIZE together with EXTSIZE option for detecting enriched cutting loci such as certain DNAseI-Seq datasets. Note, you can't set values other than 0 if format is BAMPE or BEDPE for paired-end data. DEFAULT: 0.
callpeak	--extsize	store		extsize	false	200		The arbitrary extension size in bp. When nomodel is true, MACS will use this value as fragment size to extend each read towards 3' end, then pile them up. It's exactly twice the number of obsolete SHIFTSIZE. In previous language, each read is moved 5'->3' direction to middle of fragment by 1/2 d, then extended to both direction with 1/2 d. This is equivalent to say each read is extended towards 5'->3' into a d size fragment. DEFAULT: 200. EXTSIZE and SHIFT can be combined when necessary. Check SHIFT option.
callpeak	--bw	store		bw	false	300		Band width for picking regions to compute fragment size. This value is only used while building the shifting model. Tweaking this is not recommended. DEFAULT: 300
callpeak	--d-min	store		d_min	false	20		Minimum fragment size in basepair. Any predicted fragment size less than this will be excluded. DEFAULT: 20
callpeak	-m	store	2	mfold	false	5,50		Select the regions within MFOLD range of high-confidence enrichment ratio against background to build model. Fold-enrichment in regions must be lower than upper limit, and higher than the lower limit. Use as "-m 10 30". This setting is only used while building the shifting model. Tweaking it is not recommended. DEFAULT:5 50
callpeak	--mfold	store	2	mfold	false	5,50		Select the regions within MFOLD range of high-confidence enrichment ratio against background to build model. Fold-enrichment in regions must be lower than upper limit, and higher than the lower limit. Use as "-m 10 30". This setting is only used while building the shifting model. Tweaking it is not recommended. DEFAULT:5 50
callpeak	--fix-bimodal	store_true	0	onauto	false	false		Whether turn on the auto pair model process. If set, when MACS failed to build paired model, it will use the nomodel settings, the --exsize parameter to extend each tags towards 3' direction. Not to use this automate fixation is a default behavior now. DEFAULT: False
callpeak	-q	store		qvalue	false	0.05		Minimum FDR (q-value) cutoff for peak detection. DEFAULT: 0.05. -q, and -p are mutually exclusive.
callpeak	--qvalue	store		qvalue	false	0.05		Minimum FDR (q-value) cutoff for peak detection. DEFAULT: 0.05. -q, and -p are mutually exclusive.
callpeak	-p	store		pvalue	false			Pvalue cutoff for peak detection. DEFAULT: not set. -q, and -p are mutually exclusive. If pvalue cutoff is set, qvalue will not be calculated and reported as -1 in the final .xls file.
callpeak	--pvalue	store		pvalue	false			Pvalue cutoff for peak detection. DEFAULT: not set. -q, and -p are mutually exclusive. If pvalue cutoff is set, qvalue will not be calculated and reported as -1 in the final .xls file.
callpeak	--scale-to	store		scaleto	false		large,small	When set to 'small', scale the larger sample up to the smaller sample. When set to 'larger', scale the smaller sample up to the bigger sample. By default, scale to 'small'. This option replaces the obsolete '--to-large' option. The default behavior is recommended since it will lead to less significant p/q-values in general but more specific results. Keep in mind that scaling down will influence control/input sample more. DEFAULT: 'small', the choice is either 'small' or 'large'.
callpeak	--down-sample	store_true	0	downsample	false	false		When set, random sampling method will scale down the bigger sample. By default, MACS uses linear scaling. Warning: This option will make your result unstable and irreproducible since each time, random reads would be selected. Consider to use 'randsample' script instead. <not implmented>If used together with --SPMR, 1 million unique reads will be randomly picked.</not implemented> Caution: due to the implementation, the final number of selected reads may not be as you expected! DEFAULT: False
callpeak	--seed	store		seed	false	-1		Set the random seed while down sampling data. Must be a non-negative integer in order to be effective. DEFAULT: not set
callpeak	--tempdir	store		tempdir	false	/scratch/mdra00001/tmp		Optional directory to store temp files. DEFAULT: %(default)s
callpeak	--nolambda	store_true	0	nolambda	false	false		If True, MACS will use fixed background lambda as local lambda for every peak region. Normally, MACS calculates a dynamic local lambda to reflect the local bias due to the potential chromatin accessibility.
callpeak	--slocal	store		smalllocal	false	1000		The small nearby region in basepairs to calculate dynamic lambda. This is used to capture the bias near the peak summit region. Invalid if there is no control data. If you set this to 0, MACS will skip slocal lambda calculation. *Note* that MACS will always perform a d-size local lambda calculation while the control data is available. The final local bias would be the maximum of the lambda value from d, slocal, and llocal size windows. While control is not available, d and slocal lambda won't be considered. DEFAULT: 1000
callpeak	--llocal	store		largelocal	false	10000		The large nearby region in basepairs to calculate dynamic lambda. This is used to capture the surround bias. If you set this to 0, MACS will skip llocal lambda calculation. *Note* that MACS will always perform a d-size local lambda calculation while the control data is available. The final local bias would be the maximum of the lambda value from d, slocal, and llocal size windows. While control is not available, d and slocal lambda won't be considered. DEFAULT: 10000.
callpeak	--max-gap	store		maxgap	false			Maximum gap between significant sites to cluster them together. The DEFAULT value is the detected read length/tag size.
callpeak	--min-length	store		minlen	false			Minimum length of a peak. The DEFAULT value is the predicted fragment size d. Note, if you set a value smaller than the fragment size, it may have NO effect on the result. For BROAD peak calling, try to set a large value such as 500bps. You can also use '--cutoff-analysis' option with default setting, and check the column 'avelpeak' under different cutoff values to decide a reasonable minlen value.
callpeak	--broad	store_true	0	broad	false	false		If set, MACS will try to call broad peaks using the --broad-cutoff setting. Please tweak '--broad-cutoff' setting to control the peak calling behavior. At the meantime, either -q or -p cutoff will be used to define regions with 'stronger enrichment' inside of broad peaks. The maximum gap is expanded to 4 * MAXGAP (--max-gap parameter). As a result, MACS will output a 'gappedPeak' and a 'broadPeak' file instead of 'narrowPeak' file. Note, a broad peak will be reported even if there is no 'stronger enrichment' inside. DEFAULT: False
callpeak	--broad-cutoff	store		broadcutoff	false	0.1		Cutoff for broad region. This option is not available unless --broad is set. If -p is set, this is a pvalue cutoff, otherwise, it's a qvalue cutoff. Please note that in broad peakcalling mode, MACS3 uses this setting to control the overall peak calling behavior, then uses -q or -p setting to define regions inside broad region as 'stronger' enrichment. DEFAULT: 0.1
callpeak	--cutoff-analysis	store_true	0	cutoff_analysis	false	false		While set, MACS3 will analyze number or total length of peaks that can be called by different p-value cutoff then output a summary table to help user decide a better cutoff. The table will be saved in NAME_cutoff_analysis.txt file. Note, minlen and maxgap may affect the results. WARNING: May take ~30 folds longer time to finish. The result can be useful for users to decide a reasonable cutoff value. DEFAULT: False
callpeak	--call-summits	store_true	0	call_summits	false	false		If set, MACS will use a more sophisticated signal processing approach to find subpeak summits in each enriched peak region. DEFAULT: False
callpeak	--fe-cutoff	store		fecutoff	false	1.0		When set, the value will be used as the minimum requirement to filter out peaks with low fold-enrichment. Note, MACS3 adds one as pseudocount while calculating fold-enrichment. By default, it is set as 1 so there is no filtering. DEFAULT: 1.0
callpeak	--to-large	store_true	0	tolarge	false	false		Obsolete option. Please use '--scale-to large' instead.
callpeak	--ratio	store		ratio	false	1.0		Obsolete option. Originally designed to normalize treatment and control with customized ratio, now it won't have any effect.
callpeak	--buffer-size	store		buffer_size	false	100000		Buffer size for incrementally increasing internal array size to store reads alignment information. In most cases, you don't have to change this parameter. However, if there are large number of chromosomes/contigs/scaffolds in your alignment, it's recommended to specify a smaller buffer size in order to decrease memory usage (but it will take longer time to read alignment files). Minimum memory requested for reading an alignment file is about # of CHROMOSOME * BUFFER_SIZE * 8 Bytes. DEFAULT: 100000
bdgpeakcall	-h	help	0	help	false	==SUPPRESS==		show this help message and exit
bdgpeakcall	--help	help	0	help	false	==SUPPRESS==		show this help message and exit
bdgpeakcall	-i	store		ifile	true			MACS score in bedGraph. REQUIRED
bdgpeakcall	--ifile	store		ifile	true			MACS score in bedGraph. REQUIRED
bdgpeakcall	-c	store		cutoff	false	5		Cutoff depends on which method you used for score track. If the file contains pvalue scores from MACS3, score 5 means pvalue 1e-5. Regions with signals lower than cutoff will not be considerred as enriched regions. DEFAULT: 5
bdgpeakcall	--cutoff	store		cutoff	false	5		Cutoff depends on which method you used for score track. If the file contains pvalue scores from MACS3, score 5 means pvalue 1e-5. Regions with signals lower than cutoff will not be considerred as enriched regions. DEFAULT: 5
bdgpeakcall	-l	store		minlen	false	200		minimum length of peak, better to set it as d value. DEFAULT: 200
bdgpeakcall	--min-length	store		minlen	false	200		minimum length of peak, better to set it as d value. DEFAULT: 200
bdgpeakcall	-g	store		maxgap	false	30		maximum gap between significant points in a peak, better to set it as tag size. DEFAULT: 30
bdgpeakcall	--max-gap	store		maxgap	false	30		maximum gap between significant points in a peak, better to set it as tag size. DEFAULT: 30
bdgpeakcall	--call-summits	store_true	0	call_summits	false	false		==SUPPRESS==
bdgpeakcall	--cutoff-analysis	store_true	0	cutoff_analysis	false	false		While set, bdgpeakcall will analyze number or total length of peaks that can be called by different cutoff then output a summary table to help user decide a better cutoff. Note, minlen and maxgap may affect the results. DEFAULT: False
bdgpeakcall	--cutoff-analysis-max	store		cutoff_analysis_max	false	100		The maximum cutoff score for performing cutoff analysis. Together with --cutoff-analysis-steps, the resolution in the final report can be controlled. Please check the description in --cutoff-analysis-steps for detail. DEFAULT: 100
bdgpeakcall	--cutoff-analysis-steps	store		cutoff_analysis_steps	false	100		Steps for performing cutoff analysis. It will be used to decide which cutoff value should be included in the final report. Larger the value, higher resolution the cutoff analysis can be. The cutoff analysis function will first find the smallest (at least 0) and the largest (controlled by --cutoff-analysis-max) score in the data, then break the range of score into `CUTOFF_ANALYSIS_STEPS` intervals. It will then use each score as cutoff to call peaks and calculate the total number of candidate peaks, the total basepairs of peaks, and the average length of peak in basepair. Please note that the final report ideally should include `CUTOFF_ANALYSIS_STEPS` rows, but in practice, if the cutoff yield zero peak, the row for that value won't be included. DEFAULT: 100
bdgpeakcall	--no-trackline	store_false	0	trackline	false	true		Tells MACS not to include trackline with bedGraph files. The trackline is used by UCSC for the options for display.
bdgpeakcall	--verbose	store		verbose	false	2		Set verbose level of runtime message. 0: only show critical message, 1: show additional warning message, 2: show process information, 3: show debug messages. DEFAULT:2
bdgpeakcall	--outdir	store		outdir	false			If specified all output files will be written to that directory. Default: the current working directory
bdgpeakcall	-o	store		ofile	false			Output file name. Mutually exclusive with --o-prefix.
bdgpeakcall	--ofile	store		ofile	false			Output file name. Mutually exclusive with --o-prefix.
bdgpeakcall	--o-prefix	store		oprefix	false			Output file prefix. Mutually exclusive with -o/--ofile.
bdgbroadcall	-h	help	0	help	false	==SUPPRESS==		show this help message and exit
bdgbroadcall	--help	help	0	help	false	==SUPPRESS==		show this help message and exit
bdgbroadcall	-i	store		ifile	true			MACS score in bedGraph. REQUIRED
bdgbroadcall	--ifile	store		ifile	true			MACS score in bedGraph. REQUIRED
bdgbroadcall	-c	store		cutoffpeak	false	2		Cutoff for peaks depending on which method you used for score track. If the file contains qvalue scores from MACS3, score 2 means qvalue 0.01. Regions with signals lower than cutoff will not be considerred as enriched regions. DEFAULT: 2
bdgbroadcall	--cutoff-peak	store		cutoffpeak	false	2		Cutoff for peaks depending on which method you used for score track. If the file contains qvalue scores from MACS3, score 2 means qvalue 0.01. Regions with signals lower than cutoff will not be considerred as enriched regions. DEFAULT: 2
bdgbroadcall	-C	store		cutofflink	false	1		Cutoff for linking regions/low abundance regions depending on which method you used for score track. If the file contains qvalue scores from MACS3, score 1 means qvalue 0.1, and score 0.3 means qvalue 0.5. DEFAULT: 1
bdgbroadcall	--cutoff-link	store		cutofflink	false	1		Cutoff for linking regions/low abundance regions depending on which method you used for score track. If the file contains qvalue scores from MACS3, score 1 means qvalue 0.1, and score 0.3 means qvalue 0.5. DEFAULT: 1
bdgbroadcall	-l	store		minlen	false	200		minimum length of peak, better to set it as d value. DEFAULT: 200
bdgbroadcall	--min-length	store		minlen	false	200		minimum length of peak, better to set it as d value. DEFAULT: 200
bdgbroadcall	-g	store		lvl1maxgap	false	30		maximum gap between significant peaks, better to set it as tag size. DEFAULT: 30
bdgbroadcall	--lvl1-max-gap	store		lvl1maxgap	false	30		maximum gap between significant peaks, better to set it as tag size. DEFAULT: 30
bdgbroadcall	-G	store		lvl2maxgap	false	800		maximum linking between significant peaks, better to set it as 4 times of d value. DEFAULT: 800
bdgbroadcall	--lvl2-max-gap	store		lvl2maxgap	false	800		maximum linking between significant peaks, better to set it as 4 times of d value. DEFAULT: 800
bdgbroadcall	--no-trackline	store_false	0	trackline	false	true		Tells MACS not to include trackline with bedGraph files. The trackline is required by UCSC.
bdgbroadcall	--verbose	store		verbose	false	2		Set verbose level of runtime message. 0: only show critical message, 1: show additional warning message, 2: show process information, 3: show debug messages. DEFAULT:2
bdgbroadcall	--outdir	store		outdir	false			If specified all output files will be written to that directory. Default: the current working directory
bdgbroadcall	-o	store		ofile	false			Output file name. Mutually exclusive with --o-prefix.
bdgbroadcall	--ofile	store		ofile	false			Output file name. Mutually exclusive with --o-prefix.
bdgbroadcall	--o-prefix	store		oprefix	false			Output file prefix. Mutually exclusive with -o/--ofile.
bdgcmp	-h	help	0	help	false	==SUPPRESS==		show this help message and exit
bdgcmp	--help	help	0	help	false	==SUPPRESS==		show this help message and exit
bdgcmp	-t	store		tfile	true			Treatment bedGraph file, e.g. *_treat_pileup.bdg from MACSv2. REQUIRED
bdgcmp	--tfile	store		tfile	true			Treatment bedGraph file, e.g. *_treat_pileup.bdg from MACSv2. REQUIRED
bdgcmp	-c	store		cfile	true			Control bedGraph file, e.g. *_control_lambda.bdg from MACSv2. REQUIRED
bdgcmp	--cfile	store		cfile	true			Control bedGraph file, e.g. *_control_lambda.bdg from MACSv2. REQUIRED
bdgcmp	-S	store		sfactor	false	1.0		Scaling factor for treatment and control track. Keep it as 1.0 or default in most cases. Set it ONLY while you have SPMR output from MACS3 callpeak, and plan to calculate scores as MACS3 callpeak module. If you want to simulate 'callpeak' w/o '--to-large', calculate effective smaller sample size after filtering redudant reads in million (e.g., put 31.415926 if effective reads are 31,415,926) and input it for '-S'; for 'callpeak --to-large', calculate effective reads in larger sample. DEFAULT: 1.0
bdgcmp	--scaling-factor	store		sfactor	false	1.0		Scaling factor for treatment and control track. Keep it as 1.0 or default in most cases. Set it ONLY while you have SPMR output from MACS3 callpeak, and plan to calculate scores as MACS3 callpeak module. If you want to simulate 'callpeak' w/o '--to-large', calculate effective smaller sample size after filtering redudant reads in million (e.g., put 31.415926 if effective reads are 31,415,926) and input it for '-S'; for 'callpeak --to-large', calculate effective reads in larger sample. DEFAULT: 1.0
bdgcmp	-p	store		pseudocount	false	0.0		The pseudocount used for calculating logLR, logFE or FE. The count will be applied after normalization of sequencing depth. DEFAULT: 0.0, no pseudocount is applied.
bdgcmp	--pseudocount	store		pseudocount	false	0.0		The pseudocount used for calculating logLR, logFE or FE. The count will be applied after normalization of sequencing depth. DEFAULT: 0.0, no pseudocount is applied.
bdgcmp	-m	store	+	method	false	ppois	ppois,qpois,subtract,logFE,FE,logLR,slogLR,max	Method to use while calculating a score in any bin by comparing treatment value and control value. Available choices are: ppois, qpois, subtract, logFE, FE, logLR, slogLR, and max. They represent Poisson Pvalue (-log10(pvalue) form) using control as lambda and treatment as observation, q-value through a BH process for poisson pvalues, subtraction from treatment, linear scale fold enrichment, log10 fold enrichment(need to set pseudocount), log10 likelihood between ChIP-enriched model and open chromatin model(need to set pseudocount), symmetric log10 likelihood between two ChIP-enrichment models, or maximum value between the two tracks. Default option is ppois.
bdgcmp	--method	store	+	method	false	ppois	ppois,qpois,subtract,logFE,FE,logLR,slogLR,max	Method to use while calculating a score in any bin by comparing treatment value and control value. Available choices are: ppois, qpois, subtract, logFE, FE, logLR, slogLR, and max. They represent Poisson Pvalue (-log10(pvalue) form) using control as lambda and treatment as observation, q-value through a BH process for poisson pvalues, subtraction from treatment, linear scale fold enrichment, log10 fold enrichment(need to set pseudocount), log10 likelihood between ChIP-enriched model and open chromatin model(need to set pseudocount), symmetric log10 likelihood between two ChIP-enrichment models, or maximum value between the two tracks. Default option is ppois.
bdgcmp	--verbose	store		verbose	false	2		Set verbose level of runtime message. 0: only show critical message, 1: show additional warning message, 2: show process information, 3: show debug messages. DEFAULT:2
bdgcmp	--outdir	store		outdir	false			If specified all output files will be written to that directory. Default: the current working directory
bdgcmp	--o-prefix	store		oprefix	false			The PREFIX of output bedGraph file to write scores. If it is given as A, and method is 'ppois', output file will be A_ppois.bdg. Mutually exclusive with -o/--ofile.
bdgcmp	-o	store	+	ofile	false			Output filename. Mutually exclusive with --o-prefix. The number and the order of arguments for --ofile must be the same as for -m.
bdgcmp	--ofile	store	+	ofile	false			Output filename. Mutually exclusive with --o-prefix. The number and the order of arguments for --ofile must be the same as for -m.
bdgopt	-h	help	0	help	false	==SUPPRESS==		show this help message and exit
bdgopt	--help	help	0	help	false	==SUPPRESS==		show this help message and exit
bdgopt	-i	store		ifile	true			MACS score in bedGraph. Note: this must be a bedGraph file covering the ENTIRE genome. REQUIRED
bdgopt	--ifile	store		ifile	true			MACS score in bedGraph. Note: this must be a bedGraph file covering the ENTIRE genome. REQUIRED
bdgopt	-m	store		method	false	p2q	multiply,add,p2q,max,min	Method to modify the score column of bedGraph file. Available choices are: multiply, add, max, min, or p2q. 1) multiply, the EXTRAPARAM is required and will be multiplied to the score column. If you intend to divide the score column by X, use value of 1/X as EXTRAPARAM. 2) add, the EXTRAPARAM is required and will be added to the score column. If you intend to subtract the score column by X, use value of -X as EXTRAPARAM. 3) max, the EXTRAPARAM is required and will take the maximum value between score and the EXTRAPARAM. 4) min, the EXTRAPARAM is required and will take the minimum value between score and the EXTRAPARAM. 5) p2q, this will convert p-value scores to q-value scores using Benjamini-Hochberg process. The EXTRAPARAM is not required. This method assumes the scores are -log10 p-value from MACS3. Any other types of score will cause unexpected errors.
bdgopt	--method	store		method	false	p2q	multiply,add,p2q,max,min	Method to modify the score column of bedGraph file. Available choices are: multiply, add, max, min, or p2q. 1) multiply, the EXTRAPARAM is required and will be multiplied to the score column. If you intend to divide the score column by X, use value of 1/X as EXTRAPARAM. 2) add, the EXTRAPARAM is required and will be added to the score column. If you intend to subtract the score column by X, use value of -X as EXTRAPARAM. 3) max, the EXTRAPARAM is required and will take the maximum value between score and the EXTRAPARAM. 4) min, the EXTRAPARAM is required and will take the minimum value between score and the EXTRAPARAM. 5) p2q, this will convert p-value scores to q-value scores using Benjamini-Hochberg process. The EXTRAPARAM is not required. This method assumes the scores are -log10 p-value from MACS3. Any other types of score will cause unexpected errors.
bdgopt	-p	store	*	extraparam	false			The extra parameter for METHOD. Check the detail of -m option.
bdgopt	--extra-param	store	*	extraparam	false			The extra parameter for METHOD. Check the detail of -m option.
bdgopt	--outdir	store		outdir	false			If specified all output files will be written to that directory. Default: the current working directory
bdgopt	-o	store		ofile	true			Output BEDGraph filename.
bdgopt	--ofile	store		ofile	true			Output BEDGraph filename.
bdgopt	--verbose	store		verbose	false	2		Set verbose level of runtime message. 0: only show critical message, 1: show additional warning message, 2: show process information, 3: show debug messages. DEFAULT:2
cmbreps	-h	help	0	help	false	==SUPPRESS==		show this help message and exit
cmbreps	--help	help	0	help	false	==SUPPRESS==		show this help message and exit
cmbreps	-i	store	+	ifile	true			MACS score in bedGraph for each replicate. Require at least 2 files such as '-i A B C D'. REQUIRED
cmbreps	-m	store		method	false	fisher	fisher,max,mean	Method to use while combining scores from replicates. 1) fisher: Fisher's combined probability test. It requires scores in ppois form (-log10 pvalues) from bdgcmp. Other types of scores for this method may cause cmbreps unexpected errors. 2) max: take the maximum value from replicates for each genomic position. 3) mean: take the average value. Note, except for Fisher's method, max or mean will take scores AS IS which means they won't convert scores from log scale to linear scale or vice versa.
cmbreps	--method	store		method	false	fisher	fisher,max,mean	Method to use while combining scores from replicates. 1) fisher: Fisher's combined probability test. It requires scores in ppois form (-log10 pvalues) from bdgcmp. Other types of scores for this method may cause cmbreps unexpected errors. 2) max: take the maximum value from replicates for each genomic position. 3) mean: take the average value. Note, except for Fisher's method, max or mean will take scores AS IS which means they won't convert scores from log scale to linear scale or vice versa.
cmbreps	--outdir	store		outdir	false			If specified all output files will be written to that directory. Default: the current working directory
cmbreps	-o	store		ofile	true			Output BEDGraph filename for combined scores.
cmbreps	--ofile	store		ofile	true			Output BEDGraph filename for combined scores.
cmbreps	--verbose	store		verbose	false	2		Set verbose level of runtime message. 0: only show critical message, 1: show additional warning message, 2: show process information, 3: show debug messages. DEFAULT:2
bdgdiff	-h	help	0	help	false	==SUPPRESS==		show this help message and exit
bdgdiff	--help	help	0	help	false	==SUPPRESS==		show this help message and exit
bdgdiff	--t1	store		t1bdg	true			MACS pileup bedGraph for condition 1. Incompatible with callpeak --SPMR output. REQUIRED
bdgdiff	--t2	store		t2bdg	true			MACS pileup bedGraph for condition 2. Incompatible with callpeak --SPMR output. REQUIRED
bdgdiff	--c1	store		c1bdg	true			MACS control lambda bedGraph for condition 1. Incompatible with callpeak --SPMR output. REQUIRED
bdgdiff	--c2	store		c2bdg	true			MACS control lambda bedGraph for condition 2. Incompatible with callpeak --SPMR output. REQUIRED
bdgdiff	-C	store		cutoff	false	3		log10LR cutoff. Regions with signals lower than cutoff will not be considerred as enriched regions. DEFAULT: 3 (likelihood ratio=1000)
bdgdiff	--cutoff	store		cutoff	false	3		log10LR cutoff. Regions with signals lower than cutoff will not be considerred as enriched regions. DEFAULT: 3 (likelihood ratio=1000)
bdgdiff	-l	store		minlen	false	200		Minimum length of differential region. Try bigger value to remove small regions. DEFAULT: 200
bdgdiff	--min-len	store		minlen	false	200		Minimum length of differential region. Try bigger value to remove small regions. DEFAULT: 200
bdgdiff	-g	store		maxgap	false	100		Maximum gap to merge nearby differential regions. Consider a wider gap for broad marks. Maximum gap should be smaller than minimum length (-g). DEFAULT: 100
bdgdiff	--max-gap	store		maxgap	false	100		Maximum gap to merge nearby differential regions. Consider a wider gap for broad marks. Maximum gap should be smaller than minimum length (-g). DEFAULT: 100
bdgdiff	--d1	store		depth1	false	1.0		Sequencing depth (# of non-redundant reads in million) for condition 1. It will be used together with --d2. See description for --d2 below for how to assign them. Default: 1
bdgdiff	--depth1	store		depth1	false	1.0		Sequencing depth (# of non-redundant reads in million) for condition 1. It will be used together with --d2. See description for --d2 below for how to assign them. Default: 1
bdgdiff	--d2	store		depth2	false	1.0		Sequencing depth (# of non-redundant reads in million) for condition 2. It will be used together with --d1. DEPTH1 and DEPTH2 will be used to calculate scaling factor for each sample, to down-scale larger sample to the level of smaller one. For example, while comparing 10 million condition 1 and 20 million condition 2, use --d1 10 --d2 20, then pileup value in bedGraph for condition 2 will be divided by 2. Default: 1
bdgdiff	--depth2	store		depth2	false	1.0		Sequencing depth (# of non-redundant reads in million) for condition 2. It will be used together with --d1. DEPTH1 and DEPTH2 will be used to calculate scaling factor for each sample, to down-scale larger sample to the level of smaller one. For example, while comparing 10 million condition 1 and 20 million condition 2, use --d1 10 --d2 20, then pileup value in bedGraph for condition 2 will be divided by 2. Default: 1
bdgdiff	--verbose	store		verbose	false	2		Set verbose level of runtime message. 0: only show critical message, 1: show additional warning message, 2: show process information, 3: show debug messages. DEFAULT:2
bdgdiff	--outdir	store		outdir	false			If specified all output files will be written to that directory. Default: the current working directory
bdgdiff	--o-prefix	store		oprefix	false			Output file prefix. Actual files will be named as PREFIX_cond1.bed, PREFIX_cond2.bed and PREFIX_common.bed. Mutually exclusive with -o/--ofile.
bdgdiff	-o	store	3	ofile	false			Output filenames. Must give three arguments in order: 1. file for unique regions in condition 1; 2. file for unique regions in condition 2; 3. file for common regions in both conditions. Note: mutually exclusive with --o-prefix.
bdgdiff	--ofile	store	3	ofile	false			Output filenames. Must give three arguments in order: 1. file for unique regions in condition 1; 2. file for unique regions in condition 2; 3. file for common regions in both conditions. Note: mutually exclusive with --o-prefix.
filterdup	-h	help	0	help	false	==SUPPRESS==		show this help message and exit
filterdup	--help	help	0	help	false	==SUPPRESS==		show this help message and exit
filterdup	-i	store	+	ifile	true			Alignment file. If multiple files are given as '-t A B C', then they will all be read and combined. REQUIRED.
filterdup	--ifile	store	+	ifile	true			Alignment file. If multiple files are given as '-t A B C', then they will all be read and combined. REQUIRED.
filterdup	-f	store		format	false	AUTO	AUTO,BAM,SAM,BED,ELAND,ELANDMULTI,ELANDEXPORT,BOWTIE,BAMPE,BEDPE	Format of tag file, "AUTO", "BED", "ELAND", "ELANDMULTI", "ELANDEXPORT", "SAM", "BAM", "BOWTIE", "BAMPE", or "BEDPE". The default AUTO option will let MACS3 guess which format the file is. Please check the definition in README file for each specific format. DEFAULT: "AUTO"
filterdup	--format	store		format	false	AUTO	AUTO,BAM,SAM,BED,ELAND,ELANDMULTI,ELANDEXPORT,BOWTIE,BAMPE,BEDPE	Format of tag file, "AUTO", "BED", "ELAND", "ELANDMULTI", "ELANDEXPORT", "SAM", "BAM", "BOWTIE", "BAMPE", or "BEDPE". The default AUTO option will let MACS3 guess which format the file is. Please check the definition in README file for each specific format. DEFAULT: "AUTO"
filterdup	-g	store		gsize	false	hs		Effective genome size. It can be 1.0e+9 or 1000000000, or shortcuts:'hs' for human (2,913,022,398), 'mm' for mouse (2,652,783,500), 'ce' for C. elegans (100,286,401) and 'dm' for fruitfly (142,573,017), Default:hs. The effective genome size numbers for the above four species are collected from Deeptools https://deeptools.readthedocs.io/en/develop/content/feature/effectiveGenomeSize.html Please refer to deeptools to define the best genome size you plan to use.
filterdup	--gsize	store		gsize	false	hs		Effective genome size. It can be 1.0e+9 or 1000000000, or shortcuts:'hs' for human (2,913,022,398), 'mm' for mouse (2,652,783,500), 'ce' for C. elegans (100,286,401) and 'dm' for fruitfly (142,573,017), Default:hs. The effective genome size numbers for the above four species are collected from Deeptools https://deeptools.readthedocs.io/en/develop/content/feature/effectiveGenomeSize.html Please refer to deeptools to define the best genome size you plan to use.
filterdup	-s	store		tsize	false			Tag size. This will override the auto detected tag size. DEFAULT: Not set
filterdup	--tsize	store		tsize	false			Tag size. This will override the auto detected tag size. DEFAULT: Not set
filterdup	-p	store		pvalue	false			Pvalue cutoff for binomial distribution test. DEFAULT:1e-5
filterdup	--pvalue	store		pvalue	false			Pvalue cutoff for binomial distribution test. DEFAULT:1e-5
filterdup	--keep-dup	store		keepduplicates	false	auto		It controls the '%(prog)s' behavior towards duplicate tags/pairs at the exact same location -- the same coordination and the same strand. The 'auto' option makes '%(prog)s' calculate the maximum tags at the exact same location based on binomal distribution using given -p as pvalue cutoff; and the 'all' option keeps every tags (useful if you only want to convert formats). If an integer is given, at most this number of tags will be kept at the same location. Note, MACS3 callpeak function uses KEEPDUPLICATES=1 as default. Note, if you've used samtools or picard to flag reads as 'PCR/Optical duplicate' in bit 1024, MACS3 will still read them although the reads may be decided by MACS3 as duplicate later. Default: auto
filterdup	--buffer-size	store		buffer_size	false	100000		Buffer size for incrementally increasing internal array size to store reads alignment information. In most cases, you don't have to change this parameter. However, if there are large number of chromosomes/contigs/scaffolds in your alignment, it's recommended to specify a smaller buffer size in order to decrease memory usage (but it will take longer time to read alignment files). Minimum memory requested for reading an alignment file is about # of CHROMOSOME * BUFFER_SIZE * 8 Bytes. DEFAULT: 100000
filterdup	--verbose	store		verbose	false	2		Set verbose level. 0: only show critical message, 1: show additional warning message, 2: show process information, 3: show debug messages. If you want to know where are the duplicate reads, use 3. DEFAULT:2
filterdup	--outdir	store		outdir	false			If specified all output files will be written to that directory. Default: the current working directory
filterdup	-o	store		outputfile	false	stdout		Output BED file name. If not specified, will write to standard output. Note, if the input format is BAMPE or BEDPE, the output will be in BEDPE format. DEFAULT: stdout
filterdup	--ofile	store		outputfile	false	stdout		Output BED file name. If not specified, will write to standard output. Note, if the input format is BAMPE or BEDPE, the output will be in BEDPE format. DEFAULT: stdout
filterdup	-d	store_true	0	dryrun	false	false		When set, filterdup will only output numbers instead of writing output files, including maximum allowable duplicates, total number of reads before filtering, total number of reads after filtering, and redundant rate. Default: not set
filterdup	--dry-run	store_true	0	dryrun	false	false		When set, filterdup will only output numbers instead of writing output files, including maximum allowable duplicates, total number of reads before filtering, total number of reads after filtering, and redundant rate. Default: not set
predictd	-h	help	0	help	false	==SUPPRESS==		show this help message and exit
predictd	--help	help	0	help	false	==SUPPRESS==		show this help message and exit
predictd	-i	store	+	ifile	true			ChIP-seq alignment file. If multiple files are given as '-t A B C', then they will all be read and combined. REQUIRED.
predictd	--ifile	store	+	ifile	true			ChIP-seq alignment file. If multiple files are given as '-t A B C', then they will all be read and combined. REQUIRED.
predictd	-f	store		format	false	AUTO	AUTO,BAM,SAM,BED,ELAND,ELANDMULTI,ELANDEXPORT,BOWTIE,BAMPE,BEDPE	Format of tag file, "AUTO", "BED" or "ELAND" or "ELANDMULTI" or "ELANDEXPORT" or "SAM" or "BAM" or "BOWTIE" or "BAMPE" or "BEDPE". The default AUTO option will let MACS decide which format the file is. However, if you want to decide the average insertion size/fragment size from PE data such as BEDPE or BAMPE, please specify the format as BAMPE or BEDPE since MACS3 won't automatically recognize three two formats with -f AUTO. Please be aware that in PE mode, -g, -s, --bw, --d-min, -m, and --rfile have NO effect. DEFAULT: "AUTO"
predictd	--format	store		format	false	AUTO	AUTO,BAM,SAM,BED,ELAND,ELANDMULTI,ELANDEXPORT,BOWTIE,BAMPE,BEDPE	Format of tag file, "AUTO", "BED" or "ELAND" or "ELANDMULTI" or "ELANDEXPORT" or "SAM" or "BAM" or "BOWTIE" or "BAMPE" or "BEDPE". The default AUTO option will let MACS decide which format the file is. However, if you want to decide the average insertion size/fragment size from PE data such as BEDPE or BAMPE, please specify the format as BAMPE or BEDPE since MACS3 won't automatically recognize three two formats with -f AUTO. Please be aware that in PE mode, -g, -s, --bw, --d-min, -m, and --rfile have NO effect. DEFAULT: "AUTO"
predictd	-g	store		gsize	false	hs		Effective genome size. It can be 1.0e+9 or 1000000000, or shortcuts:'hs' for human (2,913,022,398), 'mm' for mouse (2,652,783,500), 'ce' for C. elegans (100,286,401) and 'dm' for fruitfly (142,573,017), Default:hs. The effective genome size numbers for the above four species are collected from Deeptools https://deeptools.readthedocs.io/en/develop/content/feature/effectiveGenomeSize.html Please refer to deeptools to define the best genome size you plan to use.
predictd	--gsize	store		gsize	false	hs		Effective genome size. It can be 1.0e+9 or 1000000000, or shortcuts:'hs' for human (2,913,022,398), 'mm' for mouse (2,652,783,500), 'ce' for C. elegans (100,286,401) and 'dm' for fruitfly (142,573,017), Default:hs. The effective genome size numbers for the above four species are collected from Deeptools https://deeptools.readthedocs.io/en/develop/content/feature/effectiveGenomeSize.html Please refer to deeptools to define the best genome size you plan to use.
predictd	-s	store		tsize	false			Tag size. This will override the auto detected tag size. DEFAULT: Not set
predictd	--tsize	store		tsize	false			Tag size. This will override the auto detected tag size. DEFAULT: Not set
predictd	--bw	store		bw	false	300		Band width for picking regions to compute fragment size. This value is only used while building the shifting model. DEFAULT: 300
predictd	--d-min	store		d_min	false	20		Minimum fragment size in basepair. Any predicted fragment size less than this will be excluded. DEFAULT: 20
predictd	-m	store	2	mfold	false	5,50		Select the regions within MFOLD range of high-confidence enrichment ratio against background to build model. Fold-enrichment in regions must be lower than upper limit, and higher than the lower limit. Use as "-m 10 30". DEFAULT:5 50
predictd	--mfold	store	2	mfold	false	5,50		Select the regions within MFOLD range of high-confidence enrichment ratio against background to build model. Fold-enrichment in regions must be lower than upper limit, and higher than the lower limit. Use as "-m 10 30". DEFAULT:5 50
predictd	--outdir	store		outdir	false			If specified all output files will be written to that directory. Default: the current working directory
predictd	--rfile	store		rfile	false	predictd_model.R		PREFIX of filename of R script for drawing X-correlation figure. DEFAULT:'predictd_model.R' and R file will be predicted_model.R
predictd	--buffer-size	store		buffer_size	false	100000		Buffer size for incrementally increasing internal array size to store reads alignment information. In most cases, you don't have to change this parameter. However, if there are large number of chromosomes/contigs/scaffolds in your alignment, it's recommended to specify a smaller buffer size in order to decrease memory usage (but it will take longer time to read alignment files). Minimum memory requested for reading an alignment file is about # of CHROMOSOME * BUFFER_SIZE * 8 Bytes. DEFAULT: 100000
predictd	--verbose	store		verbose	false	2		Set verbose level of runtime message. 0: only show critical message, 1: show additional warning message, 2: show process information, 3: show debug messages. DEFAULT:2
pileup	-h	help	0	help	false	==SUPPRESS==		show this help message and exit
pileup	--help	help	0	help	false	==SUPPRESS==		show this help message and exit
pileup	-i	store	+	ifile	true			Alignment file. If multiple files are given as '-t A B C', then they will all be read and combined. REQUIRED.
pileup	--ifile	store	+	ifile	true			Alignment file. If multiple files are given as '-t A B C', then they will all be read and combined. REQUIRED.
pileup	-o	store		outputfile	true			Output bedGraph file name. If not specified, will write to standard output. REQUIRED.
pileup	--ofile	store		outputfile	true			Output bedGraph file name. If not specified, will write to standard output. REQUIRED.
pileup	--outdir	store		outdir	false			If specified all output files will be written to that directory. Default: the current working directory
pileup	-f	store		format	false	AUTO	AUTO,BAM,SAM,BED,ELAND,ELANDMULTI,ELANDEXPORT,BOWTIE,BAMPE,BEDPE,FRAG	Format of tag file, "AUTO", "BED", "ELAND", "ELANDMULTI", "ELANDEXPORT", "SAM", "BAM", "BOWTIE", "BAMPE", "BEDPE", or "FRAG". The default AUTO option will let '%(prog)s' decide which format the file is. DEFAULT: "AUTO", MACS3 will pick a format from "AUTO", "BED", "ELAND", "ELANDMULTI", "ELANDEXPORT", "SAM", "BAM" and "BOWTIE". If the format is BAMPE, BEDPE or FRAG, please specify it explicitly. Please note that when the format is BAMPE, BEDPE or FRAG, the -B and --extsize options would be ignored, and MACS3 will process the input in Paired-End mode.
pileup	--format	store		format	false	AUTO	AUTO,BAM,SAM,BED,ELAND,ELANDMULTI,ELANDEXPORT,BOWTIE,BAMPE,BEDPE,FRAG	Format of tag file, "AUTO", "BED", "ELAND", "ELANDMULTI", "ELANDEXPORT", "SAM", "BAM", "BOWTIE", "BAMPE", "BEDPE", or "FRAG". The default AUTO option will let '%(prog)s' decide which format the file is. DEFAULT: "AUTO", MACS3 will pick a format from "AUTO", "BED", "ELAND", "ELANDMULTI", "ELANDEXPORT", "SAM", "BAM" and "BOWTIE". If the format is BAMPE, BEDPE or FRAG, please specify it explicitly. Please note that when the format is BAMPE, BEDPE or FRAG, the -B and --extsize options would be ignored, and MACS3 will process the input in Paired-End mode.
pileup	--barcodes	store		barcodefile	false			A plain text file containing the barcodes for the fragment file while the format is 'FRAG'. Won't have any effect if the format is not 'FRAG'. Each row in the file should only have the barcode string. MACS3 will extract only the fragments for the specified barcodes.
pileup	--max-count	store		maxcount	false			In the FRAG format file, the fifth column indicates the count of fragments found at the exact same location from the same barcode. By default, MACS3 treats each fragment count as indicated. However, if this option is enabled and set as a positive integer, MACS3 will not count more than the specified number. If this is set as 0, MACS3 will behave as the default setting to keep all counts. Please note that `callpeak -f FRAG --max-count 1` is supposed to generate the same result as `callpeak -f BEDPE --keep-dup all` on fragment files. This option will be ignored if the format is not FRAG.
pileup	-B	store_true	0	bothdirection	false	false		By default, any read will be extended towards downstream direction by extension size. So it's [0,size-1] (1-based index system) for plus strand read and [-size+1,0] for minus strand read where position 0 is 5' end of the aligned read. Default behavior can simulate MACS3 way of piling up ChIP sample reads where extension size is set as fragment size/d. If this option is set as on, aligned reads will be extended in both upstream and downstream directions by extension size. It means [-size,size] where 0 is the 5' end of a aligned read. It can partially simulate MACS3 way of piling up control reads. However MACS3 local bias is calculated by maximizing the expected pileup over a ChIP fragment size/d estimated from 10kb, 1kb, d and whole genome background. This option will be ignored when the format is set as BAMPE, BEDPE, or FRAG. DEFAULT: False
pileup	--both-direction	store_true	0	bothdirection	false	false		By default, any read will be extended towards downstream direction by extension size. So it's [0,size-1] (1-based index system) for plus strand read and [-size+1,0] for minus strand read where position 0 is 5' end of the aligned read. Default behavior can simulate MACS3 way of piling up ChIP sample reads where extension size is set as fragment size/d. If this option is set as on, aligned reads will be extended in both upstream and downstream directions by extension size. It means [-size,size] where 0 is the 5' end of a aligned read. It can partially simulate MACS3 way of piling up control reads. However MACS3 local bias is calculated by maximizing the expected pileup over a ChIP fragment size/d estimated from 10kb, 1kb, d and whole genome background. This option will be ignored when the format is set as BAMPE, BEDPE, or FRAG. DEFAULT: False
pileup	--extsize	store		extsize	false	200		The extension size in bps. Each alignment read will become a EXTSIZE of fragment, then be piled up. Check description for -B for detail. It's twice the `shiftsize` in old MACSv1 language. This option will be ignored when the format is set as BAMPE, BEDPE or FRAG. DEFAULT: 200
pileup	--buffer-size	store		buffer_size	false	100000		Buffer size for incrementally increasing internal array size to store reads alignment information. In most cases, you don't have to change this parameter. However, if there are large number of chromosomes/contigs/scaffolds in your alignment, it's recommended to specify a smaller buffer size in order to decrease memory usage (but it will take longer time to read alignment files). Minimum memory requested for reading an alignment file is about # of CHROMOSOME * BUFFER_SIZE * 8 Bytes. DEFAULT: 100000
pileup	--verbose	store		verbose	false	2		Set verbose level. 0: only show critical message, 1: show additional warning message, 2: show process information, 3: show debug messages. If you want to know where are the duplicate reads, use 3. DEFAULT:2
randsample	-h	help	0	help	false	==SUPPRESS==		show this help message and exit
randsample	--help	help	0	help	false	==SUPPRESS==		show this help message and exit
randsample	-i	store	+	ifile	true			Alignment file. If multiple files are given as '-t A B C', then they will all be read and combined. REQUIRED.
randsample	--ifile	store	+	ifile	true			Alignment file. If multiple files are given as '-t A B C', then they will all be read and combined. REQUIRED.
randsample	-p	store		percentage	false			Percentage of tags you want to keep. Input 80.0 for 80%%. This option can't be used at the same time with -n/--num. If the setting is 100, it will keep all the reads and convert any format that MACS3 supports into BED or BEDPE (if input is BAMPE) format. REQUIRED
randsample	--percentage	store		percentage	false			Percentage of tags you want to keep. Input 80.0 for 80%%. This option can't be used at the same time with -n/--num. If the setting is 100, it will keep all the reads and convert any format that MACS3 supports into BED or BEDPE (if input is BAMPE) format. REQUIRED
randsample	-n	store		number	false			Number of tags you want to keep. Input 8000000 or 8e+6 for 8 million. This option can't be used at the same time with -p/--percent. Note that the number of tags in output is approximate as the number specified here. REQUIRED
randsample	--number	store		number	false			Number of tags you want to keep. Input 8000000 or 8e+6 for 8 million. This option can't be used at the same time with -p/--percent. Note that the number of tags in output is approximate as the number specified here. REQUIRED
randsample	--seed	store		seed	false	-1		Set the random seed while down sampling data. Must be a non-negative integer in order to be effective. If you want more reproducible results, please specify a random seed and record it.DEFAULT: not set
randsample	-o	store		outputfile	false			Output BED file name. If not specified, will write to standard output. Note, if the input format is BAMPE or BEDPE, the output will be in BEDPE format. DEFAULT: stdout
randsample	--ofile	store		outputfile	false			Output BED file name. If not specified, will write to standard output. Note, if the input format is BAMPE or BEDPE, the output will be in BEDPE format. DEFAULT: stdout
randsample	--outdir	store		outdir	false			If specified all output files will be written to that directory. Default: the current working directory
randsample	-s	store		tsize	false			Tag size. This will override the auto detected tag size. DEFAULT: Not set
randsample	--tsize	store		tsize	false			Tag size. This will override the auto detected tag size. DEFAULT: Not set
randsample	-f	store		format	false	AUTO	AUTO,BAM,SAM,BED,ELAND,ELANDMULTI,ELANDEXPORT,BOWTIE,BAMPE,BEDPE	Format of tag file, "AUTO", "BED" or "ELAND" or "ELANDMULTI" or "ELANDEXPORT" or "SAM" or "BAM" or "BOWTIE" or "BAMPE" or "BEDPE". The default AUTO option will %(prog)s decide which format the file is. Please check the definition in README file if you choose ELAND/ELANDMULTI/ELANDEXPORT/SAM/BAM/BOWTIE or BAMPE/BEDPE. DEFAULT: "AUTO"
randsample	--format	store		format	false	AUTO	AUTO,BAM,SAM,BED,ELAND,ELANDMULTI,ELANDEXPORT,BOWTIE,BAMPE,BEDPE	Format of tag file, "AUTO", "BED" or "ELAND" or "ELANDMULTI" or "ELANDEXPORT" or "SAM" or "BAM" or "BOWTIE" or "BAMPE" or "BEDPE". The default AUTO option will %(prog)s decide which format the file is. Please check the definition in README file if you choose ELAND/ELANDMULTI/ELANDEXPORT/SAM/BAM/BOWTIE or BAMPE/BEDPE. DEFAULT: "AUTO"
randsample	--buffer-size	store		buffer_size	false	100000		Buffer size for incrementally increasing internal array size to store reads alignment information. In most cases, you don't have to change this parameter. However, if there are large number of chromosomes/contigs/scaffolds in your alignment, it's recommended to specify a smaller buffer size in order to decrease memory usage (but it will take longer time to read alignment files). Minimum memory requested for reading an alignment file is about # of CHROMOSOME * BUFFER_SIZE * 8 Bytes. DEFAULT: 100000
randsample	--verbose	store		verbose	false	2		Set verbose level. 0: only show critical message, 1: show additional warning message, 2: show process information, 3: show debug messages. If you want to know where are the duplicate reads, use 3. DEFAULT:2
refinepeak	-h	help	0	help	false	==SUPPRESS==		show this help message and exit
refinepeak	--help	help	0	help	false	==SUPPRESS==		show this help message and exit
refinepeak	-b	store		bedfile	true			Candidate peak file in BED format. REQUIRED.
refinepeak	-i	store	+	ifile	true			ChIP-seq alignment file. If multiple files are given as '-t A B C', then they will all be read and combined. Note that pair-end data is not supposed to work with this command. REQUIRED.
refinepeak	--ifile	store	+	ifile	true			ChIP-seq alignment file. If multiple files are given as '-t A B C', then they will all be read and combined. Note that pair-end data is not supposed to work with this command. REQUIRED.
refinepeak	-f	store		format	false	AUTO	AUTO,BAM,SAM,BED,ELAND,ELANDMULTI,ELANDEXPORT,BOWTIE	Format of tag file, "AUTO", "BED" or "ELAND" or "ELANDMULTI" or "ELANDEXPORT" or "SAM" or "BAM" or "BOWTIE". The default AUTO option will let '%(prog)s' decide which format the file is. Please check the definition in README file if you choose ELAND/ELANDMULTI/ELANDEXPORT/SAM/BAM/BOWTIE. DEFAULT: "AUTO"
refinepeak	--format	store		format	false	AUTO	AUTO,BAM,SAM,BED,ELAND,ELANDMULTI,ELANDEXPORT,BOWTIE	Format of tag file, "AUTO", "BED" or "ELAND" or "ELANDMULTI" or "ELANDEXPORT" or "SAM" or "BAM" or "BOWTIE". The default AUTO option will let '%(prog)s' decide which format the file is. Please check the definition in README file if you choose ELAND/ELANDMULTI/ELANDEXPORT/SAM/BAM/BOWTIE. DEFAULT: "AUTO"
refinepeak	-c	store		cutoff	false	5		Cutoff. Regions with SPP wtd score lower than cutoff will not be considerred. DEFAULT: 5
refinepeak	--cutoff	store		cutoff	false	5		Cutoff. Regions with SPP wtd score lower than cutoff will not be considerred. DEFAULT: 5
refinepeak	-w	store		windowsize	false	200		Scan window size on both side of the summit (default: 100bp)
refinepeak	--window-size	store		windowsize	false	200		Scan window size on both side of the summit (default: 100bp)
refinepeak	--buffer-size	store		buffer_size	false	100000		Buffer size for incrementally increasing internal array size to store reads alignment information. In most cases, you don't have to change this parameter. However, if there are large number of chromosomes/contigs/scaffolds in your alignment, it's recommended to specify a smaller buffer size in order to decrease memory usage (but it will take longer time to read alignment files). Minimum memory requested for reading an alignment file is about # of CHROMOSOME * BUFFER_SIZE * 8 Bytes. DEFAULT: 100000
refinepeak	--verbose	store		verbose	false	2		Set verbose level. 0: only show critical message, 1: show additional warning message, 2: show process information, 3: show debug messages. If you want to know where are the duplicate reads, use 3. DEFAULT:2
refinepeak	--outdir	store		outdir	false			If specified all output files will be written to that directory. Default: the current working directory
refinepeak	-o	store		ofile	false			Output file name. Mutually exclusive with --o-prefix.
refinepeak	--ofile	store		ofile	false			Output file name. Mutually exclusive with --o-prefix.
refinepeak	--o-prefix	store		oprefix	false			Output file prefix. Mutually exclusive with -o/--ofile.
callvar	-h	help	0	help	false	==SUPPRESS==		show this help message and exit
callvar	--help	help	0	help	false	==SUPPRESS==		show this help message and exit
callvar	-b	store		peakbed	true			Peak regions in BED format, sorted by coordinates. REQUIRED.
callvar	--peak	store		peakbed	true			Peak regions in BED format, sorted by coordinates. REQUIRED.
callvar	-t	store		tfile	true			ChIP-seq/ATAC-seq treatment file in BAM format, sorted by coordinates. Make sure the .bai file is avaiable in the same directory. REQUIRED.
callvar	--treatment	store		tfile	true			ChIP-seq/ATAC-seq treatment file in BAM format, sorted by coordinates. Make sure the .bai file is avaiable in the same directory. REQUIRED.
callvar	-c	store		cfile	false			Optional control file in BAM format, sorted by coordinates. Make sure the .bai file is avaiable in the same directory.
callvar	--control	store		cfile	false			Optional control file in BAM format, sorted by coordinates. Make sure the .bai file is avaiable in the same directory.
callvar	--outdir	store		outdir	false			If specified all output files will be written to that directory. Default: the current working directory
callvar	-o	store		ofile	true			Output VCF file name.
callvar	--ofile	store		ofile	true			Output VCF file name.
callvar	--verbose	store		verbose	false	2		Set verbose level of runtime message. 0: only show critical message, 1: show additional warning message, 2: show process information, 3: show debug messages. DEFAULT:2
callvar	-g	store		GQCutoffHetero	false	0		Genotype Quality score (-10log10((L00+L11)/(L01+L00+L11))) cutoff for Heterozygous allele type. Default:0, or there is no cutoff on GQ.
callvar	--gq-hetero	store		GQCutoffHetero	false	0		Genotype Quality score (-10log10((L00+L11)/(L01+L00+L11))) cutoff for Heterozygous allele type. Default:0, or there is no cutoff on GQ.
callvar	-G	store		GQCutoffHomo	false	0		Genotype Quality score (-10log10((L00+L01)/(L01+L00+L11))) cutoff for Homozygous allele (not the same as reference) type. Default:0, or ther is no cutoff on GQ.
callvar	--gq-homo	store		GQCutoffHomo	false	0		Genotype Quality score (-10log10((L00+L01)/(L01+L00+L11))) cutoff for Homozygous allele (not the same as reference) type. Default:0, or ther is no cutoff on GQ.
callvar	-Q	store		Q	false	20		Only consider bases with quality score greater than this value. Default: 20, which means Q20 or 0.01 error rate.
callvar	-D	store		maxDuplicate	false	1		Maximum duplicated reads allowed per mapping position, mapping strand and the same CIGAR code. Default: 1. When sequencing depth is high, to set a higher value might help evaluate the correct allele ratio.
callvar	-F	store		fermi	false	auto		Option to control when to apply local assembly through fermi-lite. By default (set as 'auto'), while callvar detects any INDEL variant in a peak region, it will utilize fermi-lite to recover the actual DNA sequences to refine the read alignments. If set as 'on', fermi-lite will be always invoked. It can increase specificity however sensivity and speed will be significantly lower. If set as 'off', Fermi won't be invoked at all. If so, speed and sensitivity can be higher but specificity will be significantly lower. Default: auto
callvar	--fermi	store		fermi	false	auto		Option to control when to apply local assembly through fermi-lite. By default (set as 'auto'), while callvar detects any INDEL variant in a peak region, it will utilize fermi-lite to recover the actual DNA sequences to refine the read alignments. If set as 'on', fermi-lite will be always invoked. It can increase specificity however sensivity and speed will be significantly lower. If set as 'off', Fermi won't be invoked at all. If so, speed and sensitivity can be higher but specificity will be significantly lower. Default: auto
callvar	--fermi-overlap	store		fermiMinOverlap	false	30		The minimal overlap for fermi to initially assemble two reads. Must be between 1 and read length. A longer fermiMinOverlap is needed while read length is small (e.g. 30 for 36bp read, but 33 for 100bp read may work). Default:30
callvar	--top2alleles-mratio	store		top2allelesMinRatio	false	0.8		The reads for the top 2 most frequent alleles (e.g. a ref allele and an alternative allele) at a loci shouldn't be too few comparing to total reads mapped. The minimum ratio is set by this optoin. Must be a float between 0.5 and 1. Default:0.8 which means at least 80%% of reads contain the top 2 alleles.
callvar	--altallele-count	store		altalleleMinCount	false	2		The count of the alternative (non-reference) allele at a loci shouldn't be too few. By default, we require at least two reads support the alternative allele. Default:2
callvar	--max-ar	store		maxAR	false	0.95		The maximum Allele-Ratio allowed while calculating likelihood for allele-specific binding. If we allow higher maxAR, we may mistakenly assign some homozygous loci as heterozygous. Default:0.95
callvar	-m	store		np	false	1		CPU used for mutliple processing. Please note that, assigning more CPUs does not guarantee the process being faster. Creating too many parrallel processes need memory operations and may negate benefit from multi processing. Default: 1
callvar	--multiple-processing	store		np	false	1		CPU used for mutliple processing. Please note that, assigning more CPUs does not guarantee the process being faster. Creating too many parrallel processes need memory operations and may negate benefit from multi processing. Default: 1
hmmratac	-h	help	0	help	false	==SUPPRESS==		show this help message and exit
hmmratac	--help	help	0	help	false	==SUPPRESS==		show this help message and exit
hmmratac	-i	store	+	input_file	true			Input files containing the aligment results for ATAC-seq paired end reads. If multiple files are given as '-t A B C', then they will all be read and pooled together. The file should be in BAMPE, BEDPE format (aligned in paired end mode) or FRAG format (from scATAC analysis). Files can be gzipped. Note: all files should be in the same format! REQUIRED.
hmmratac	--input	store	+	input_file	true			Input files containing the aligment results for ATAC-seq paired end reads. If multiple files are given as '-t A B C', then they will all be read and pooled together. The file should be in BAMPE, BEDPE format (aligned in paired end mode) or FRAG format (from scATAC analysis). Files can be gzipped. Note: all files should be in the same format! REQUIRED.
hmmratac	-f	store		format	false	BAMPE	BAMPE,BEDPE,FRAG	Format of input files, "BAMPE", "BEDPE", or "FRAG". If there are multiple files, they should be in the same format -- either BAMPE, BEDPE or FRAG. Please check the definition in README. Also please note that the BEDPE only contains three columns -- chromosome, left position of the whole pair, right position of the whole pair-- and is NOT the same BEDPE format used by BEDTOOLS. To convert BAMPE to BEDPE, you can use this command `macs3 filterdup --keep-dup all -f BAMPE -i input.bam -o output.bedpe`. And the FRAG format is a five columns BEDPE with extra barcode and fragment count columns. DEFAULT: "BAMPE"
hmmratac	--format	store		format	false	BAMPE	BAMPE,BEDPE,FRAG	Format of input files, "BAMPE", "BEDPE", or "FRAG". If there are multiple files, they should be in the same format -- either BAMPE, BEDPE or FRAG. Please check the definition in README. Also please note that the BEDPE only contains three columns -- chromosome, left position of the whole pair, right position of the whole pair-- and is NOT the same BEDPE format used by BEDTOOLS. To convert BAMPE to BEDPE, you can use this command `macs3 filterdup --keep-dup all -f BAMPE -i input.bam -o output.bedpe`. And the FRAG format is a five columns BEDPE with extra barcode and fragment count columns. DEFAULT: "BAMPE"
hmmratac	--barcodes	store		barcodefile	false			A plain text file containing the barcodes for the fragment file while the format is 'FRAG'. Won't have any effect if the format is not 'FRAG'. Each row in the file should only have the barcode string. MACS3 will extract only the fragments for the specified barcodes.
hmmratac	--max-count	store		maxcount	false			In the FRAG format file, the fifth column indicates the count of fragments found at the exact same location from the same barcode. By default, MACS3 treats each fragment count as indicated in this column. However, if this option is enabled and set as a positive integer, MACS3 will not count more than the specified number. If this is set as 0, MACS3 will behave as the default setting to keep all counts. This option will be ignored if the format is not FRAG.
hmmratac	--outdir	store		outdir	false			If specified all output files will be written to that directory. Default: the current working directory
hmmratac	-n	store		name	false	NA		Name for this experiment, which will be used as a prefix to generate output file names. DEFAULT: "NA"
hmmratac	--name	store		name	false	NA		Name for this experiment, which will be used as a prefix to generate output file names. DEFAULT: "NA"
hmmratac	--cutoff-analysis-only	store_true	0	cutoff_analysis_only	false	false		Only run the cutoff analysis and output a report. After generating the report, the process will stop. By default, the cutoff analysis will be included in the whole process, but won't quit after the report is generated. The report will help user decide the three crucial parameters for `-l`, `-u`, and `-c`. So it's highly recommanded to run this first! Please read the report and instructions in `Choices of cutoff values` on how to decide the three crucial parameters. The resolution of cutoff analysis can be controlled by --cutoff-analysis-max and --cutoff-analysis-steps options.
hmmratac	--cutoff-analysis-max	store		cutoff_analysis_max	false	100		The maximum cutoff score for performing cutoff analysis. Together with --cutoff-analysis-steps, the resolution in the final report can be controlled. Please check the description in --cutoff-analysis-steps for detail. DEFAULT: 100
hmmratac	--cutoff-analysis-steps	store		cutoff_analysis_steps	false	100		Steps for performing cutoff analysis. It will be used to decide which cutoff value should be included in the final report. Larger the value, higher resolution the cutoff analysis can be. The cutoff analysis function will first find the smallest (at least 0) and the largest (controlled by --cutoff-analysis-max) foldchange score in the data, then break the range of foldchange score into `CUTOFF_ANALYSIS_STEPS` intervals. It will then use each foldchange score as cutoff to call peaks and calculate the total number of candidate peaks, the total basepairs of peaks, and the average length of peak in basepair. Please note that the final report ideally should include `CUTOFF_ANALYSIS_STEPS` rows, but in practice, if the foldchange cutoff yield zero peak, the row for that foldchange value won't be included. DEFAULT: 100
hmmratac	--save-digested	store_true	0	save_digested	false	false		Save the digested ATAC signals of short-, mono-, di-, and tri- signals in three BedGraph files with the names NAME_short.bdg, NAME_mono.bdg, NAME_di.bdg, and NAME_tri.bdg. DEFAULT: False
hmmratac	--save-states	store_true	0	save_states	false	false		Save all open and nucleosomal state annotations into a BED file with the name NAME_states.bed. DEFAULT: False
hmmratac	--save-likelihoods	store_true	0	save_likelihoods	false	false		Save the likelihoods to each state annotation in three BedGraph files, named with NAME_open.bdg for open states, NAME_nuc.bdg for nucleosomal states, and NAME_bg.bdg for the background states. DEFAULT: False
hmmratac	--save-training-data	store_true	0	save_train	false	false		Save the training regions and training data into NAME_training_regions.bed and NAME_training_data.txt. Default: False
hmmratac	--no-fragem	store_true	0	em_skip	false	false		Do not perform EM training on the fragment distribution. If set, EM_MEANS and EM.STDDEVS will be used instead. Default: False
hmmratac	--means	store	4	em_means	false	50,200,400,600		Comma separated list of initial mean values for the fragment distribution for short fragments, mono-, di-, and tri-nucleosomal fragments. Default: 50 200 400 600
hmmratac	--stddevs	store	4	em_stddevs	false	20,20,20,20		Comma separated list of initial standard deviation values for fragment distribution for short fragments, mono-, di-, and tri-nucleosomal fragments. Default: 20 20 20 20
hmmratac	--min-frag-p	store		min_frag_p	false	0.001		We will exclude the abnormal fragments that can't be assigned to any of the four signal tracks. After we use EM to find the means and stddevs of the four distributions, we will calculate the likelihood that a given fragment length fit any of the four using normal distribution. If a fragment length is not like ('not like' means the probability is lower than MIN_FRAG_P) any of short, mono, di, or tri-nuc fragment, we will exclude it while generating the four signal tracks for later HMM training and prediction. The value should be between 0 and 1. Smaller the value, more 'abnormal' fragments will be allowed. So if you want to include more fragments, make this value smaller. Default=0.001
hmmratac	--jump	store		em_jump	false	0.5		This option will control the factor to amplify the difference between the observed and expected mean and variance values of the four distributions, then decide the expected mean and variance in the next EM step. Larger jump will lead to faster convergence but may be less stable. Default=0.5
hmmratac	--binsize	store		hmm_binsize	false	10		Size of the bins to split the pileup signals for training and decoding with Hidden Markov Model. Must >= 1. Smaller the binsize, higher the resolution of the results, slower the process. Default=10
hmmratac	-u	store		hmm_upper	false	20		Upper limit on fold change range for choosing training sites. This is an important parameter for training so please read. The purpose of this parameter is to EXCLUDE those unusually highly enriched chromatin regions so we can get training samples in 'ordinary' regions instead. It's highly recommended to run the `--cutoff-analysis-only` first to decide the lower cutoff `-l`, the upper cutoff `-u`, and the pre-scanning cutoff `-c`. The upper cutoff should be the cutoff in the cutoff analysis result that can capture some (typically hundreds of) extremely high enrichment and unusually wide peaks. Default: 20
hmmratac	--upper	store		hmm_upper	false	20		Upper limit on fold change range for choosing training sites. This is an important parameter for training so please read. The purpose of this parameter is to EXCLUDE those unusually highly enriched chromatin regions so we can get training samples in 'ordinary' regions instead. It's highly recommended to run the `--cutoff-analysis-only` first to decide the lower cutoff `-l`, the upper cutoff `-u`, and the pre-scanning cutoff `-c`. The upper cutoff should be the cutoff in the cutoff analysis result that can capture some (typically hundreds of) extremely high enrichment and unusually wide peaks. Default: 20
hmmratac	-l	store		hmm_lower	false	10		Lower limit on fold change range for choosing training sites. This is an important parameter for training so please read. The purpose of this parameter is to ONLY INCLUDE those chromatin regions having ordinary enrichment so we can get training samples to learn the common features through HMM. It's highly recommended to run the `--cutoff-analysis-only` first to decide the lower cutoff `-l`, the upper cutoff `-u`, and the pre-scanning cutoff `-c`. The lower cutoff should be the cutoff in the cutoff analysis result that can capture moderate number ( about 10k) of peaks with normal width ( average length 500-1000bps long). Default: 10
hmmratac	--lower	store		hmm_lower	false	10		Lower limit on fold change range for choosing training sites. This is an important parameter for training so please read. The purpose of this parameter is to ONLY INCLUDE those chromatin regions having ordinary enrichment so we can get training samples to learn the common features through HMM. It's highly recommended to run the `--cutoff-analysis-only` first to decide the lower cutoff `-l`, the upper cutoff `-u`, and the pre-scanning cutoff `-c`. The lower cutoff should be the cutoff in the cutoff analysis result that can capture moderate number ( about 10k) of peaks with normal width ( average length 500-1000bps long). Default: 10
hmmratac	--maxTrain	store		hmm_maxTrain	false	1000		Maximum number of training regions to use. After we identify the training regions between `-l` and `-u`, the lower and upper cutoffs, we will randomly pick this number of regions for training. Default: 1000
hmmratac	--training-flanking	store		hmm_training_flanking	false	1000		Training regions will be expanded to both side with this number of basepairs. The purpose is to include more background regions. Default: 1000
hmmratac	-t	store		hmm_training_regions	false			Filename of training regions (previously was BED_file) to use for training HMM, instead of using foldchange settings to select. Default: NA
hmmratac	--training	store		hmm_training_regions	false			Filename of training regions (previously was BED_file) to use for training HMM, instead of using foldchange settings to select. Default: NA
hmmratac	--model	store		hmm_file	false			A JSON file generated from previous HMMRATAC run to use instead of creating new one. When provided, HMM training will be skipped. Default: NA
hmmratac	--modelonly	store_true	0	hmm_modelonly	false	false		Stop the program after generating model. Use this option to generate HMM model ONLY, which can be later applied with `--model`. Default: False
hmmratac	--hmm-type	store		hmm_type	false	gaussian	gaussian,poisson	Use --hmm-type to select a Gaussian ('gaussian') or Poisson ('poisson') model for the hidden markov model in HMMRATAC. Default: 'gaussian'.
hmmratac	-c	store		prescan_cutoff	false	1.2		The fold change cutoff for prescanning candidate regions in the whole dataset. Then we will use HMM to predict/decode states on these candidate regions. Higher the prescan cutoff, fewer regions will be considered. Must > 1. This is an important parameter for decoding so please read. The purpose of this parameter is to EXCLUDE those chromatin regions having noises/random enrichment so we can have a large number of possible regions to predict the HMM states. It's highly recommended to run the `--cutoff-analysis-only` first to decide the lower cutoff `-l`, the upper cutoff `-u`, and the pre-scanning cutoff `-c`. The pre-scanning cutoff should be the cutoff close to the BOTTOM of the cutoff analysis result that can capture large number of possible peaks with normal length (average length 500-1000bps). In most cases, please do not pick a cutoff too low that capture almost all the background noises from the data. Default: 1.2
hmmratac	--prescan-cutoff	store		prescan_cutoff	false	1.2		The fold change cutoff for prescanning candidate regions in the whole dataset. Then we will use HMM to predict/decode states on these candidate regions. Higher the prescan cutoff, fewer regions will be considered. Must > 1. This is an important parameter for decoding so please read. The purpose of this parameter is to EXCLUDE those chromatin regions having noises/random enrichment so we can have a large number of possible regions to predict the HMM states. It's highly recommended to run the `--cutoff-analysis-only` first to decide the lower cutoff `-l`, the upper cutoff `-u`, and the pre-scanning cutoff `-c`. The pre-scanning cutoff should be the cutoff close to the BOTTOM of the cutoff analysis result that can capture large number of possible peaks with normal length (average length 500-1000bps). In most cases, please do not pick a cutoff too low that capture almost all the background noises from the data. Default: 1.2
hmmratac	--minlen	store		openregion_minlen	false	100		Minimum length of open region to call accessible regions. Must be larger than 0. If it is set as 0, it means no filtering on the length of the open regions called. Please note that, when bin size is small, setting a too small OPENREGION_MINLEN will bring a lot of false positives. Default: 100
hmmratac	--pileup-short	store_true	0	pileup_short	false	false		By default, HMMRATAC will pileup all fragments in order to identify regions for training and candidate regions for decoding. When this option is on, it will pileup only the short fragments to do so. Although it sounds a good idea since we assume that open region should have a lot of short fragments, it may be possible that the overall short fragments are too few to be useful. Default: False
hmmratac	--randomSeed	store		hmm_randomSeed	false	10151		Seed to set for random sampling of training regions. Default: 10151
hmmratac	--decoding-steps	store		decoding_steps	false	5000		Number of candidate regions to be decoded at a time. The HMM model will be applied with Viterbi to find the optimal state path in each region. By increasing the number, the decoding process can be faster but the memory usage can be higher. Choose wisely according to the computer memory you can access. Default: 5000.
hmmratac	-e	store		blacklist	false			Filename of blacklisted regions to exclude. Fragments aligned to such regions will be excluded from analysis. Examples are those from ENCODE. Default: None
hmmratac	--blacklist	store		blacklist	false			Filename of blacklisted regions to exclude. Fragments aligned to such regions will be excluded from analysis. Examples are those from ENCODE. Default: None
hmmratac	--remove-dup	store_true	0	misc_remove_duplicates	false	false		Remove duplicated fragments from analysis. A fragment is duplicated if both ends of the fragment are the same as another fragment. By default, duplicated fragments won't be excluded. Default: False
hmmratac	--verbose	store		verbose	false	2		Set verbose level of runtime message. 0: only show critical message, 1: show additional warning message, 2: show process information, 3: show debug messages. DEFAULT:2
hmmratac	--buffer-size	store		buffer_size	false	100000		Buffer size for incrementally increasing internal array size to store reads alignment information. In most cases, you don't have to change this parameter. However, if there are large number of chromosomes/contigs/scaffolds in your alignment, it's recommended to specify a smaller buffer size in order to decrease memory usage (but it will take longer time to read alignment files). Minimum memory requested for reading an alignment file is about # of CHROMOSOME * BUFFER_SIZE * 8 Bytes. DEFAULT: 100000
